iter	Logloss
0	0.603694319
1	0.5429649249
2	0.4987416798
3	0.4566381801
4	0.4246524231
